1;518.67;641.82;1589.70;1400.60;14.62;21.61;554.36;2388.06;9046.19;1.30;47.47;521.66;2388.02;8138.62;84.195;0.03;392;2388;100.00;39.06;234.190
2;518.67;642.15;1591.82;1403.14;14.62;21.61;553.75;2388.04;9044.07;1.30;47.49;522.28;2388.07;8131.49;84.318;0.03;392;2388;100.00;39.00;234.236
3;518.67;642.35;1587.99;1404.20;14.62;21.61;554.26;2388.08;9052.94;1.30;47.27;522.42;2388.03;8133.23;84.178;0.03;390;2388;100.00;38.95;233.442
4;518.67;642.35;1582.79;1401.87;14.62;21.61;554.45;2388.11;9049.48;1.30;47.13;522.86;2388.08;8133.83;83.682;0.03;392;2388;100.00;38.88;233.739
5;518.67;642.37;1582.85;1406.22;14.62;21.61;554.00;2388.06;9055.15;1.30;47.28;522.19;2388.04;8133.80;84.294;0.03;393;2388;100.00;38.90;234.044
6;518.67;642.10;1584.47;1398.37;14.62;21.61;554.67;2388.02;9049.68;1.30;47.16;521.68;2388.03;8132.85;84.108;0.03;391;2388;100.00;38.98;233.669
7;518.67;642.48;1592.32;1397.77;14.62;21.61;554.34;2388.02;9059.13;1.30;47.36;522.32;2388.03;8132.32;83.974;0.03;392;2388;100.00;39.10;233.774
8;518.67;642.56;1582.96;1400.97;14.62;21.61;553.85;2388.00;9040.80;1.30;47.24;522.47;2388.03;8131.07;84.076;0.03;391;2388;100.00;38.97;233.106
9;518.67;642.12;1590.98;1394.80;14.62;21.61;553.69;2388.05;9046.46;1.30;47.29;521.79;2388.05;8125.69;83.728;0.03;392;2388;100.00;39.05;234.066
10;518.67;641.71;1591.24;1400.46;14.62;21.61;553.59;2388.05;9051.70;1.30;47.03;521.79;2388.06;8129.38;84.286;0.03;393;2388;100.00;38.95;234.694
11;518.67;642.28;1581.75;1400.64;14.62;21.61;554.54;2388.05;9049.61;1.30;47.15;521.40;2388.01;8140.58;84.340;0.03;392;2388;100.00;38.94;234.787
12;518.67;642.06;1583.41;1400.15;14.62;21.61;554.52;2388.09;9049.37;1.30;47.18;521.80;2388.02;8134.25;83.938;0.03;391;2388;100.00;39.06;233.660
13;518.67;643.07;1582.19;1400.83;14.62;21.61;553.44;2388.12;9046.82;1.30;47.38;521.85;2388.08;8128.10;84.152;0.03;393;2388;100.00;38.93;232.757
14;518.67;642.35;1592.95;1399.16;14.62;21.61;554.48;2388.09;9047.37;1.30;47.44;521.67;2388.00;8134.43;83.964;0.03;393;2388;100.00;39.18;233.826
15;518.67;642.43;1583.82;1402.13;14.62;21.61;553.64;2388.11;9052.22;1.30;47.30;522.50;2388.08;8127.56;84.199;0.03;391;2388;100.00;38.99;233.500
16;518.67;642.13;1587.98;1404.50;14.62;21.61;553.94;2388.05;9049.34;1.30;47.24;521.49;2388.07;8136.11;83.936;0.03;392;2388;100.00;38.97;234.550
17;518.67;642.58;1584.96;1399.95;14.62;21.61;553.80;2388.06;9054.92;1.30;47.12;521.89;2388.04;8137.27;84.542;0.03;392;2388;100.00;38.81;233.319
18;518.67;642.62;1591.04;1396.12;14.62;21.61;554.20;2388.05;9049.55;1.30;47.21;521.76;2388.07;8132.73;84.028;0.03;392;2388;100.00;38.89;233.987
19;518.67;641.79;1587.56;1400.35;14.62;21.61;554.18;2388.04;9053.99;1.30;47.40;521.89;2388.03;8129.13;84.321;0.03;391;2388;100.00;38.80;233.464
20;518.67;643.04;1581.11;1405.23;14.62;21.61;554.81;2388.05;9045.90;1.30;47.22;522.07;2388.02;8129.71;84.210;0.03;392;2388;100.00;39.03;234.220
21;518.67;642.37;1586.07;1398.13;14.62;21.61;554.08;2388.11;9048.15;1.30;47.15;522.42;2388.08;8134.02;84.049;0.03;392;2388;100.00;39.09;233.101
22;518.67;642.77;1592.93;1400.57;14.62;21.61;553.63;2388.04;9061.21;1.30;47.24;522.00;2388.03;8130.41;84.034;0.03;392;2388;100.00;38.92;233.792
23;518.67;642.14;1588.19;1394.75;14.62;21.61;553.98;2388.05;9046.28;1.30;47.25;521.52;2388.05;8127.90;84.240;0.03;392;2388;100.00;38.94;234.562
24;518.67;642.38;1590.83;1398.81;14.62;21.61;553.49;2388.12;9043.76;1.30;47.44;522.13;2388.03;8133.88;83.891;0.03;392;2388;100.00;39.00;233.696
25;518.67;642.77;1594.10;1399.39;14.62;21.61;554.00;2388.02;9054.16;1.30;47.36;522.56;2388.02;8136.61;83.917;0.03;393;2388;100.00;38.95;234.288
26;518.67;642.16;1589.08;1396.07;14.62;21.61;554.11;2388.07;9047.11;1.30;47.26;522.28;2388.06;8131.15;84.260;0.03;394;2388;100.00;38.86;234.149
27;518.67;642.44;1590.47;1401.84;14.62;21.61;554.07;2388.02;9047.96;1.30;47.37;522.00;2388.13;8134.60;84.046;0.03;393;2388;100.00;38.99;234.472
28;518.67;642.35;1582.84;1399.13;14.62;21.61;554.68;2388.12;9049.84;1.30;47.41;522.57;2388.08;8127.30;84.323;0.03;390;2388;100.00;39.01;232.841
29;518.67;641.91;1584.83;1400.99;14.62;21.61;554.25;2388.05;9050.47;1.30;47.24;522.41;2388.06;8133.06;84.189;0.03;393;2388;100.00;38.93;233.597
30;518.67;642.20;1593.52;1396.08;14.62;21.61;554.37;2388.07;9045.62;1.30;47.40;522.19;2388.00;8137.86;84.065;0.03;390;2388;100.00;39.05;234.110
31;518.67;642.02;1584.18;1396.90;14.62;21.61;554.13;2388.08;9058.78;1.30;47.41;521.95;2388.06;8125.28;84.104;0.03;392;2388;100.00;38.94;233.353
32;518.67;642.33;1591.38;1400.36;14.62;21.61;554.96;2388.04;9050.97;1.30;47.25;521.92;2388.07;8129.70;84.148;0.03;392;2388;100.00;39.02;234.999
33;518.67;642.71;1588.40;1402.43;14.62;21.61;554.61;2388.04;9047.13;1.30;47.28;521.91;2388.08;8134.42;83.753;0.03;392;2388;100.00;38.83;233.506
34;518.67;642.54;1581.47;1400.48;14.62;21.61;554.30;2388.03;9046.46;1.30;47.47;521.70;2388.09;8126.61;84.349;0.03;392;2388;100.00;38.81;233.092
35;518.67;642.44;1590.00;1403.00;14.62;21.61;554.30;2388.04;9045.76;1.30;47.31;521.75;2388.01;8140.17;84.430;0.03;391;2388;100.00;39.13;234.164
36;518.67;642.54;1581.72;1405.54;14.62;21.61;554.53;2388.01;9044.56;1.30;47.25;522.32;2388.04;8132.48;84.246;0.03;392;2388;100.00;38.86;234.308
37;518.67;641.99;1579.11;1398.90;14.62;21.61;554.63;2388.07;9055.44;1.30;47.29;522.29;2388.04;8131.95;84.142;0.03;392;2388;100.00;38.99;234.352
38;518.67;641.93;1589.60;1399.50;14.62;21.61;554.70;2388.08;9055.27;1.30;47.27;522.42;2388.08;8136.61;84.158;0.03;392;2388;100.00;39.06;234.768
39;518.67;642.01;1583.21;1400.69;14.62;21.61;553.97;2388.02;9051.76;1.30;47.12;522.23;2388.05;8131.81;84.140;0.03;392;2388;100.00;38.70;233.699
40;518.67;642.24;1582.08;1401.77;14.62;21.61;554.57;2388.06;9052.98;1.30;47.33;521.84;2388.01;8131.03;83.784;0.03;392;2388;100.00;38.84;233.769
41;518.67;642.40;1591.31;1403.21;14.62;21.61;553.72;2388.06;9048.99;1.30;47.09;522.07;2388.03;8138.08;84.370;0.03;392;2388;100.00;39.13;234.444
42;518.67;642.12;1584.66;1401.38;14.62;21.61;553.94;2388.08;9057.06;1.30;47.49;522.23;2388.05;8130.88;84.137;0.03;392;2388;100.00;39.00;233.750
43;518.67;642.24;1591.52;1406.05;14.62;21.61;553.68;2388.03;9057.88;1.30;47.32;522.74;2388.09;8127.22;84.068;0.03;392;2388;100.00;38.99;233.148
44;518.67;641.93;1586.94;1401.20;14.62;21.61;554.15;2388.04;9046.87;1.30;47.45;522.30;2388.00;8131.45;84.201;0.03;392;2388;100.00;39.06;234.753
45;518.67;642.53;1582.42;1399.16;14.62;21.61;553.83;2388.08;9060.32;1.30;47.45;521.73;2388.05;8128.31;84.099;0.03;393;2388;100.00;38.79;233.943
46;518.67;642.43;1588.29;1401.27;14.62;21.61;553.76;2388.06;9060.38;1.30;47.20;522.02;2388.08;8128.71;83.977;0.03;393;2388;100.00;38.93;233.745
47;518.67;642.21;1580.32;1402.89;14.62;21.61;554.38;2388.06;9052.04;1.30;47.22;521.84;2388.05;8126.21;83.973;0.03;392;2388;100.00;38.99;234.873
48;518.67;641.89;1588.51;1399.16;14.62;21.61;554.02;2388.08;9045.26;1.30;47.40;521.91;2388.06;8129.99;84.376;0.03;392;2388;100.00;38.94;233.650
49;518.67;642.23;1584.35;1397.76;14.62;21.61;554.23;2388.07;9050.64;1.30;47.22;521.37;2388.04;8135.48;84.151;0.03;392;2388;100.00;39.06;234.498
50;518.67;642.77;1588.49;1403.62;14.62;21.61;553.92;2388.06;9048.60;1.30;47.47;522.33;2388.09;8127.30;84.116;0.03;392;2388;100.00;38.85;234.106
51;518.67;642.81;1585.54;1400.42;14.62;21.61;553.73;2388.02;9047.09;1.30;47.12;521.91;2388.05;8134.36;84.504;0.03;393;2388;100.00;38.94;233.651
52;518.67;642.76;1583.77;1395.57;14.62;21.61;553.04;2388.04;9056.01;1.30;47.07;522.10;2388.07;8132.82;84.539;0.03;391;2388;100.00;39.00;233.388
53;518.67;642.61;1579.82;1402.26;14.62;21.61;554.16;2388.05;9051.15;1.30;47.29;521.96;2388.06;8134.38;84.418;0.03;392;2388;100.00;38.90;233.775
54;518.67;642.42;1592.59;1401.20;14.62;21.61;553.95;2388.04;9056.29;1.30;47.38;522.44;2388.06;8129.95;84.189;0.03;392;2388;100.00;38.96;232.348
55;518.67;642.41;1584.95;1401.58;14.62;21.61;554.45;2388.04;9048.94;1.30;47.40;522.11;2388.02;8134.10;84.071;0.03;392;2388;100.00;39.06;233.567
56;518.67;642.49;1586.33;1400.76;14.62;21.61;553.98;2388.01;9042.42;1.30;47.26;522.48;2388.04;8135.40;84.022;0.03;391;2388;100.00;38.68;233.408
57;518.67;642.13;1583.67;1402.79;14.62;21.61;553.42;2388.05;9050.80;1.30;47.29;521.62;2388.08;8135.48;84.263;0.03;392;2388;100.00;38.84;233.567
58;518.67;641.90;1590.46;1397.99;14.62;21.61;554.14;2388.09;9050.33;1.30;47.26;522.21;2388.04;8132.08;84.319;0.03;390;2388;100.00;38.93;232.893
59;518.67;642.33;1596.72;1403.51;14.62;21.61;554.62;2388.07;9050.06;1.30;47.26;521.32;2388.02;8128.81;84.476;0.03;392;2388;100.00;38.92;234.444
60;518.67;642.34;1582.75;1403.07;14.62;21.61;554.00;2388.06;9051.69;1.30;47.41;522.49;2388.03;8132.89;83.878;0.03;393;2388;100.00;38.89;233.870
61;518.67;642.10;1583.55;1405.52;14.62;21.61;554.09;2388.11;9050.58;1.30;47.31;522.34;2388.09;8131.66;84.264;0.03;391;2388;100.00;38.89;233.638
62;518.67;642.17;1581.59;1399.54;14.62;21.61;554.45;2388.10;9053.62;1.30;47.28;522.19;2388.10;8132.28;84.071;0.03;391;2388;100.00;39.03;232.707
63;518.67;642.60;1592.14;1395.38;14.62;21.61;553.48;2388.06;9049.96;1.30;47.51;521.56;2388.01;8130.73;84.357;0.03;394;2388;100.00;38.77;233.436
64;518.67;642.23;1584.51;1400.11;14.62;21.61;553.88;2388.10;9043.67;1.30;47.45;521.82;2388.04;8128.15;84.066;0.03;391;2388;100.00;38.93;233.840
65;518.67;642.28;1584.72;1403.24;14.62;21.61;553.97;2388.03;9044.01;1.30;47.56;521.54;2388.13;8132.94;84.406;0.03;392;2388;100.00;38.90;233.752
66;518.67;642.50;1588.50;1399.52;14.62;21.61;554.00;2388.06;9059.45;1.30;47.14;521.76;2388.05;8128.32;83.911;0.03;391;2388;100.00;38.95;233.152
67;518.67;642.33;1590.22;1403.02;14.62;21.61;554.31;2388.10;9050.24;1.30;47.39;522.64;2388.08;8134.07;83.925;0.03;393;2388;100.00;38.97;232.910
68;518.67;642.51;1582.06;1404.42;14.62;21.61;554.04;2388.10;9051.78;1.30;47.36;521.72;2388.07;8132.39;84.242;0.03;392;2388;100.00;38.95;233.174
69;518.67;642.44;1590.70;1401.24;14.62;21.61;554.65;2388.07;9050.59;1.30;47.41;522.22;2388.10;8129.13;84.292;0.03;392;2388;100.00;39.00;233.742
70;518.67;642.22;1584.02;1402.78;14.62;21.61;554.01;2388.11;9053.43;1.30;47.41;521.93;2388.12;8130.36;84.279;0.03;392;2388;100.00;38.86;234.513
71;518.67;642.21;1580.41;1403.09;14.62;21.61;554.06;2388.03;9046.09;1.30;47.30;521.72;2388.09;8134.28;84.230;0.03;391;2388;100.00;38.80;233.881
72;518.67;642.41;1579.25;1406.81;14.62;21.61;553.76;2388.07;9054.42;1.30;47.27;521.97;2388.09;8133.95;83.951;0.03;391;2388;100.00;38.84;233.085
73;518.67;642.29;1592.04;1397.93;14.62;21.61;553.88;2388.03;9049.64;1.30;47.29;522.04;2388.10;8129.85;84.040;0.03;391;2388;100.00;39.03;233.975
74;518.67;642.96;1584.65;1401.48;14.62;21.61;554.03;2388.07;9045.85;1.30;47.58;522.25;2387.97;8132.67;84.135;0.03;392;2388;100.00;38.80;233.820
75;518.67;641.96;1582.32;1394.82;14.62;21.61;553.60;2388.07;9042.32;1.30;47.22;521.77;2388.11;8130.13;84.621;0.03;392;2388;100.00;38.89;233.521
76;518.67;642.21;1589.21;1398.94;14.62;21.61;553.66;2388.02;9056.55;1.30;47.44;521.58;2388.03;8136.44;83.996;0.03;390;2388;100.00;39.02;234.428
77;518.67;642.55;1586.30;1400.97;14.62;21.61;554.61;2388.06;9046.44;1.30;47.41;521.60;2388.08;8135.25;84.530;0.03;393;2388;100.00;38.99;232.750
78;518.67;641.99;1580.76;1404.10;14.62;21.61;553.47;2388.08;9042.37;1.30;47.40;522.28;2388.16;8133.91;83.793;0.03;392;2388;100.00;38.88;233.486
79;518.67;642.12;1582.46;1403.93;14.62;21.61;553.77;2388.04;9047.86;1.30;47.35;521.85;2388.13;8135.40;84.132;0.03;394;2388;100.00;38.90;233.121
80;518.67;641.94;1591.96;1393.58;14.62;21.61;553.91;2388.06;9043.67;1.30;47.64;521.52;2388.10;8134.66;84.235;0.03;392;2388;100.00;38.89;233.613
81;518.67;642.73;1584.82;1402.04;14.62;21.61;553.88;2388.10;9045.31;1.30;47.43;521.66;2388.05;8128.87;84.247;0.03;392;2388;100.00;38.77;233.730
82;518.67;642.04;1589.07;1399.17;14.62;21.61;554.18;2388.10;9048.22;1.30;47.25;521.95;2388.03;8134.04;83.986;0.03;393;2388;100.00;38.89;232.713
83;518.67;642.66;1588.05;1406.38;14.62;21.61;553.49;2388.08;9049.08;1.30;47.22;521.93;2388.05;8131.32;84.128;0.03;391;2388;100.00;38.80;233.274
84;518.67;642.64;1585.52;1406.60;14.62;21.61;553.91;2388.05;9050.47;1.30;47.38;521.54;2388.06;8131.54;84.139;0.03;392;2388;100.00;38.73;232.653
85;518.67;642.28;1590.12;1405.96;14.62;21.61;554.40;2388.01;9056.08;1.30;47.36;522.30;2388.05;8135.31;84.499;0.03;392;2388;100.00;39.01;232.840
86;518.67;641.84;1588.80;1403.56;14.62;21.61;553.69;2388.10;9047.26;1.30;47.38;521.82;2388.09;8130.06;84.173;0.03;394;2388;100.00;38.94;233.945
87;518.67;642.33;1586.69;1413.10;14.62;21.61;554.10;2388.14;9050.52;1.30;47.34;521.43;2388.06;8130.41;84.326;0.03;391;2388;100.00;38.88;233.402
88;518.67;641.96;1581.29;1406.09;14.62;21.61;554.48;2388.07;9046.73;1.30;47.46;522.20;2388.04;8131.47;84.586;0.03;392;2388;100.00;38.90;233.086
89;518.67;642.24;1584.73;1402.22;14.62;21.61;553.91;2388.05;9055.24;1.30;47.46;521.55;2388.08;8135.15;84.489;0.03;392;2388;100.00;38.95;233.288
90;518.67;642.67;1584.38;1412.93;14.62;21.61;552.88;2388.10;9051.27;1.30;47.32;521.49;2388.09;8129.72;83.961;0.03;391;2388;100.00;38.98;234.712
91;518.67;641.98;1584.84;1404.76;14.62;21.61;553.54;2388.04;9050.72;1.30;47.32;521.55;2388.10;8134.40;83.949;0.03;394;2388;100.00;39.11;233.842
92;518.67;642.89;1590.03;1400.77;14.62;21.61;553.81;2388.14;9048.36;1.30;47.45;521.91;2388.05;8131.39;83.982;0.03;392;2388;100.00;38.99;233.522
93;518.67;642.85;1593.74;1408.48;14.62;21.61;554.07;2388.07;9047.87;1.30;47.46;521.43;2388.08;8133.15;84.210;0.03;392;2388;100.00;38.86;232.477
94;518.67;642.45;1583.27;1404.94;14.62;21.61;553.86;2388.15;9045.83;1.30;47.48;521.61;2388.07;8132.40;84.524;0.03;393;2388;100.00;38.85;233.758
95;518.67;642.86;1577.60;1410.10;14.62;21.61;553.91;2388.02;9048.85;1.30;47.38;521.92;2388.02;8131.63;84.575;0.03;394;2388;100.00;38.76;233.269
96;518.67;642.19;1584.07;1395.16;14.62;21.61;553.34;2388.07;9048.71;1.30;47.39;521.66;2388.06;8130.69;84.311;0.03;392;2388;100.00;38.88;233.255
97;518.67;642.07;1595.77;1407.81;14.62;21.61;553.40;2388.09;9046.10;1.30;47.46;521.67;2388.06;8128.74;84.105;0.03;392;2388;100.00;39.01;232.963
98;518.67;642.00;1591.11;1404.56;14.62;21.61;552.75;2388.06;9045.49;1.30;47.37;522.31;2388.06;8127.89;84.012;0.03;391;2388;100.00;38.96;232.554
99;518.67;642.46;1592.73;1406.13;14.62;21.61;553.76;2388.08;9045.14;1.30;47.40;521.42;2388.10;8131.77;84.481;0.03;393;2388;100.00;38.82;232.323
100;518.67;642.22;1589.63;1411.35;14.62;21.61;554.22;2388.07;9045.72;1.30;47.64;521.55;2388.08;8132.49;84.241;0.03;392;2388;100.00;38.93;234.090
101;518.67;642.75;1584.18;1403.41;14.62;21.61;553.37;2388.06;9052.30;1.30;47.62;521.89;2388.08;8125.97;84.353;0.03;391;2388;100.00;38.75;234.149
102;518.67;642.85;1589.11;1403.42;14.62;21.61;553.42;2388.15;9051.36;1.30;47.49;521.38;2388.05;8130.40;84.561;0.03;393;2388;100.00;38.94;233.653
103;518.67;642.21;1581.27;1403.21;14.62;21.61;553.64;2388.09;9053.28;1.30;47.57;521.41;2388.10;8124.40;84.263;0.03;392;2388;100.00;38.69;234.289
104;518.67;642.29;1590.63;1406.25;14.62;21.61;553.66;2388.08;9044.73;1.30;47.34;522.38;2388.09;8131.89;84.021;0.03;392;2388;100.00;38.96;233.393
105;518.67;642.01;1588.28;1403.22;14.62;21.61;553.11;2388.09;9048.36;1.30;47.31;521.81;2388.08;8134.01;84.326;0.03;393;2388;100.00;38.77;233.857
106;518.67;642.68;1589.05;1404.45;14.62;21.61;553.60;2388.08;9049.82;1.30;47.44;521.51;2388.09;8126.38;84.664;0.03;392;2388;100.00;39.08;234.148
107;518.67;642.53;1595.13;1407.73;14.62;21.61;553.74;2388.07;9048.68;1.30;47.35;521.75;2388.07;8132.40;84.241;0.03;396;2388;100.00;39.01;234.086
108;518.67;643.49;1585.91;1399.47;14.62;21.61;554.43;2388.14;9047.03;1.30;47.61;521.52;2388.03;8131.52;84.133;0.03;393;2388;100.00;38.75;233.032
109;518.67;642.49;1586.45;1409.10;14.62;21.61;553.59;2388.10;9051.13;1.30;47.58;521.62;2388.11;8130.97;83.757;0.03;394;2388;100.00;39.05;233.561
110;518.67;642.55;1590.01;1401.27;14.62;21.61;554.08;2388.13;9051.40;1.30;47.55;522.01;2388.12;8127.16;84.638;0.03;393;2388;100.00;39.06;232.951
111;518.67;642.67;1584.38;1408.11;14.62;21.61;553.49;2388.12;9051.64;1.30;47.62;521.53;2388.14;8132.40;84.447;0.03;392;2388;100.00;38.92;232.135
112;518.67;642.66;1586.46;1401.84;14.62;21.61;553.19;2388.06;9051.28;1.30;47.22;521.90;2388.08;8131.52;84.445;0.03;394;2388;100.00;38.84;233.207
113;518.67;642.68;1590.85;1406.59;14.62;21.61;552.91;2388.10;9053.15;1.30;47.46;521.75;2388.16;8129.32;84.580;0.03;393;2388;100.00;38.90;233.101
114;518.67;642.31;1588.42;1402.97;14.62;21.61;554.29;2388.07;9046.58;1.30;47.58;521.68;2388.15;8132.36;84.290;0.03;394;2388;100.00;38.89;233.754
115;518.67;642.66;1594.84;1406.60;14.62;21.61;554.13;2388.11;9050.37;1.30;47.43;521.36;2388.12;8127.60;84.345;0.03;393;2388;100.00;38.93;233.022
116;518.67;642.64;1580.31;1401.99;14.62;21.61;554.40;2388.08;9049.71;1.30;47.43;521.60;2388.05;8134.46;84.059;0.03;394;2388;100.00;39.03;233.512
117;518.67;642.38;1589.77;1409.35;14.62;21.61;554.59;2388.10;9049.61;1.30;47.52;521.22;2388.10;8126.12;84.256;0.03;391;2388;100.00;38.73;231.766
118;518.67;642.34;1585.67;1409.34;14.62;21.61;554.25;2388.10;9051.12;1.30;47.55;521.31;2388.12;8135.21;84.197;0.03;393;2388;100.00;38.88;232.966
119;518.67;642.67;1596.80;1404.46;14.62;21.61;553.77;2388.10;9045.89;1.30;47.55;521.46;2388.09;8123.85;84.194;0.03;394;2388;100.00;39.01;233.188
120;518.67;642.81;1593.78;1407.68;14.62;21.61;553.66;2388.10;9048.72;1.30;47.60;521.34;2388.10;8125.57;84.029;0.03;393;2388;100.00;38.81;233.061
121;518.67;642.63;1593.56;1411.90;14.62;21.61;553.70;2388.07;9040.97;1.30;47.44;521.30;2388.04;8133.94;84.263;0.03;394;2388;100.00;38.63;234.220
122;518.67;643.30;1593.68;1413.97;14.62;21.61;553.43;2388.15;9042.39;1.30;47.60;520.92;2388.12;8131.81;84.256;0.03;393;2388;100.00;38.86;232.793
123;518.67;643.39;1586.66;1403.04;14.62;21.61;552.64;2388.12;9049.44;1.30;47.41;521.60;2388.17;8129.72;84.396;0.03;392;2388;100.00;38.90;232.920
124;518.67;642.48;1587.14;1402.28;14.62;21.61;552.26;2388.13;9053.03;1.30;47.55;521.40;2388.13;8133.82;84.416;0.03;393;2388;100.00;38.80;232.341
125;518.67;642.96;1585.47;1406.42;14.62;21.61;552.44;2388.13;9046.16;1.30;47.63;521.57;2388.11;8126.33;84.079;0.03;394;2388;100.00;38.68;233.039
126;518.67;642.49;1582.64;1418.50;14.62;21.61;553.72;2388.05;9049.11;1.30;47.49;521.35;2388.08;8130.94;84.378;0.03;392;2388;100.00;38.85;232.289
127;518.67;642.99;1586.90;1399.49;14.62;21.61;553.81;2388.09;9047.90;1.30;47.63;521.34;2388.10;8133.00;84.626;0.03;393;2388;100.00;38.91;232.772
128;518.67;642.47;1593.87;1407.06;14.62;21.61;552.74;2388.13;9056.59;1.30;47.62;521.96;2388.16;8132.08;84.413;0.03;393;2388;100.00;38.85;232.641
129;518.67;642.41;1591.33;1408.42;14.62;21.61;552.42;2388.09;9046.08;1.30;47.61;522.02;2388.13;8127.33;84.681;0.03;393;2388;100.00;38.84;232.656
130;518.67;642.70;1585.90;1412.25;14.62;21.61;552.66;2388.13;9042.97;1.30;47.46;521.49;2388.07;8125.29;83.938;0.03;394;2388;100.00;38.71;233.461
131;518.67;643.01;1585.78;1413.25;14.62;21.61;553.70;2388.11;9045.10;1.30;47.70;521.45;2388.13;8126.38;84.328;0.03;391;2388;100.00;38.73;233.435
132;518.67;643.19;1596.06;1405.76;14.62;21.61;553.16;2388.17;9044.04;1.30;47.56;521.64;2388.16;8128.92;84.227;0.03;393;2388;100.00;38.53;233.186
133;518.67;642.45;1592.64;1410.11;14.62;21.61;553.82;2388.11;9050.95;1.30;47.57;521.23;2388.09;8130.93;84.604;0.03;394;2388;100.00;38.95;232.521
134;518.67;642.85;1583.62;1402.67;14.62;21.61;553.20;2388.11;9046.16;1.30;47.75;521.52;2388.13;8131.30;84.293;0.03;393;2388;100.00;38.68;232.833
135;518.67;642.45;1585.55;1406.83;14.62;21.61;553.09;2388.14;9050.65;1.30;47.34;520.99;2388.12;8129.34;84.242;0.03;392;2388;100.00;38.85;232.744
136;518.67;642.84;1584.72;1404.39;14.62;21.61;554.18;2388.06;9040.89;1.30;47.43;521.54;2388.11;8130.43;84.469;0.03;393;2388;100.00;38.76;231.699
137;518.67;642.43;1594.69;1405.15;14.62;21.61;553.39;2388.14;9040.55;1.30;47.89;521.63;2388.12;8128.81;84.490;0.03;394;2388;100.00;38.87;232.593
138;518.67;642.79;1589.82;1413.34;14.62;21.61;552.91;2388.11;9049.64;1.30;47.40;521.57;2388.18;8129.67;84.208;0.03;392;2388;100.00;39.00;233.664
139;518.67;643.11;1592.28;1412.60;14.62;21.61;553.25;2388.06;9044.81;1.30;47.67;521.03;2388.15;8124.97;84.621;0.03;394;2388;100.00;38.88;233.422
140;518.67;643.05;1590.89;1408.36;14.62;21.61;552.15;2388.17;9055.85;1.30;47.51;521.27;2388.05;8130.27;84.397;0.03;393;2388;100.00;38.82;233.704
141;518.67;642.39;1590.02;1415.25;14.62;21.61;553.45;2388.13;9050.86;1.30;47.49;521.06;2388.16;8120.93;84.641;0.03;394;2388;100.00;39.02;232.382
142;518.67;642.51;1595.29;1413.42;14.62;21.61;553.11;2388.10;9046.61;1.30;47.59;520.44;2388.18;8124.87;84.291;0.03;392;2388;100.00;38.71;232.816
143;518.67;642.77;1593.10;1404.21;14.62;21.61;553.62;2388.13;9050.63;1.30;47.52;520.98;2388.11;8126.81;84.419;0.03;393;2388;100.00;38.79;232.305
144;518.67;643.09;1591.89;1405.76;14.62;21.61;553.77;2388.17;9049.33;1.30;47.57;521.11;2388.17;8125.47;84.601;0.03;393;2388;100.00;38.75;232.249
145;518.67;642.95;1594.92;1409.63;14.62;21.61;553.03;2388.13;9046.92;1.30;47.54;521.13;2388.15;8130.91;84.644;0.03;395;2388;100.00;38.67;231.490
146;518.67;642.72;1586.75;1408.82;14.62;21.61;552.60;2388.12;9045.99;1.30;47.63;521.13;2388.12;8129.19;84.312;0.03;392;2388;100.00;38.69;233.233
147;518.67;642.25;1594.85;1409.96;14.62;21.61;553.09;2388.14;9041.24;1.30;47.80;520.92;2388.12;8126.13;84.428;0.03;393;2388;100.00;38.77;232.684
148;518.67;643.02;1590.03;1411.89;14.62;21.61;552.84;2388.16;9040.93;1.30;47.49;521.08;2388.15;8124.48;84.276;0.03;392;2388;100.00;38.77;232.498
149;518.67;642.90;1592.78;1410.70;14.62;21.61;552.54;2388.17;9057.24;1.30;47.83;521.13;2388.15;8124.34;84.731;0.03;394;2388;100.00;38.77;232.565
150;518.67;643.06;1589.01;1409.22;14.62;21.61;553.57;2388.12;9044.76;1.30;47.60;520.50;2388.21;8122.99;84.726;0.03;394;2388;100.00;38.68;232.082
151;518.67;642.82;1592.39;1411.94;14.62;21.61;552.41;2388.14;9048.12;1.30;47.58;520.94;2388.22;8127.21;84.612;0.03;394;2388;100.00;38.56;232.277
152;518.67;642.67;1598.60;1420.83;14.62;21.61;552.62;2388.18;9043.90;1.30;47.72;520.39;2388.19;8119.00;84.572;0.03;395;2388;100.00;38.77;232.369
153;518.67;642.99;1589.17;1414.56;14.62;21.61;552.68;2388.14;9049.43;1.30;47.74;520.69;2388.17;8124.14;84.435;0.03;393;2388;100.00;38.78;231.719
154;518.67;642.81;1597.03;1416.07;14.62;21.61;552.57;2388.14;9049.08;1.30;47.73;520.72;2388.18;8129.24;84.794;0.03;394;2388;100.00;38.82;232.366
155;518.67;642.83;1590.40;1414.89;14.62;21.61;552.89;2388.16;9049.56;1.30;47.61;521.23;2388.17;8120.41;84.729;0.03;394;2388;100.00;38.68;232.749
156;518.67;643.04;1585.61;1421.23;14.62;21.61;553.24;2388.26;9044.21;1.30;47.58;520.75;2388.16;8128.48;84.432;0.03;395;2388;100.00;38.77;232.791
157;518.67;642.20;1598.04;1412.47;14.62;21.61;552.32;2388.14;9053.12;1.30;47.72;520.94;2388.17;8125.07;84.328;0.03;392;2388;100.00;38.67;232.354
158;518.67;642.88;1596.82;1410.09;14.62;21.61;553.19;2388.20;9049.22;1.30;47.68;520.88;2388.22;8126.33;84.368;0.03;394;2388;100.00;38.75;232.894
159;518.67;642.89;1589.54;1420.37;14.62;21.61;552.18;2388.13;9048.06;1.30;47.76;520.65;2388.23;8127.61;84.403;0.03;394;2388;100.00;38.76;232.530
160;518.67;643.45;1590.65;1418.08;14.62;21.61;551.87;2388.21;9045.42;1.30;47.84;520.47;2388.22;8122.68;84.433;0.03;396;2388;100.00;38.52;232.817
161;518.67;643.00;1594.20;1417.31;14.62;21.61;552.80;2388.18;9048.06;1.30;47.77;520.47;2388.18;8126.97;84.405;0.03;394;2388;100.00;38.66;232.962
162;518.67;643.15;1592.22;1423.48;14.62;21.61;552.68;2388.15;9044.45;1.30;47.79;520.44;2388.20;8123.77;85.015;0.03;394;2388;100.00;38.78;231.538
163;518.67;642.85;1600.54;1421.09;14.62;21.61;552.41;2388.20;9049.24;1.30;47.89;520.30;2388.20;8124.06;85.129;0.03;393;2388;100.00;38.65;231.419
164;518.67;643.17;1598.96;1416.76;14.62;21.61;551.90;2388.17;9048.92;1.30;47.70;520.63;2388.28;8124.63;84.803;0.03;394;2388;100.00;38.62;231.761
165;518.67;642.76;1597.03;1408.09;14.62;21.61;552.79;2388.19;9039.09;1.30;47.89;520.69;2388.24;8126.53;84.922;0.03;393;2388;100.00;38.59;232.129
166;518.67;643.34;1596.72;1422.37;14.62;21.61;552.13;2388.22;9043.11;1.30;47.86;520.02;2388.22;8119.14;84.663;0.03;395;2388;100.00;38.62;231.450
167;518.67;643.02;1593.83;1414.72;14.62;21.61;552.57;2388.23;9042.05;1.30;47.85;520.49;2388.18;8122.41;84.632;0.03;394;2388;100.00;38.77;233.011
168;518.67;642.68;1591.19;1415.70;14.62;21.61;552.09;2388.22;9036.35;1.30;47.84;520.78;2388.19;8124.44;84.925;0.03;393;2388;100.00;38.76;232.770
169;518.67;643.20;1590.16;1418.05;14.62;21.61;552.71;2388.25;9055.18;1.30;47.88;520.44;2388.18;8125.30;84.767;0.03;394;2388;100.00;38.58;231.870
170;518.67;642.92;1592.71;1417.41;14.62;21.61;552.02;2388.21;9044.03;1.30;47.86;520.23;2388.26;8121.76;84.900;0.03;395;2388;100.00;38.66;231.615
171;518.67;643.26;1592.06;1414.99;14.62;21.61;552.71;2388.20;9042.12;1.30;48.03;519.85;2388.22;8124.87;84.922;0.03;395;2388;100.00;38.68;232.444
172;518.67;643.33;1591.71;1413.73;14.62;21.61;551.69;2388.24;9039.10;1.30;48.07;520.54;2388.26;8120.08;84.595;0.03;393;2388;100.00;38.65;231.585
173;518.67;642.97;1590.69;1425.27;14.62;21.61;552.13;2388.22;9048.82;1.30;47.90;520.11;2388.23;8121.64;85.091;0.03;395;2388;100.00;38.59;231.789
174;518.67;642.64;1599.81;1422.58;14.62;21.61;552.32;2388.22;9041.25;1.30;48.00;520.22;2388.21;8119.17;84.476;0.03;393;2388;100.00;38.57;230.357
175;518.67;643.61;1603.29;1422.52;14.62;21.61;551.64;2388.23;9042.66;1.30;47.86;520.38;2388.22;8125.76;84.890;0.03;394;2388;100.00;38.58;231.573
176;518.67;642.86;1592.27;1422.73;14.62;21.61;551.91;2388.23;9045.74;1.30;47.84;519.80;2388.20;8123.80;84.853;0.03;394;2388;100.00;38.72;232.491
177;518.67;643.79;1602.02;1423.99;14.62;21.61;551.93;2388.25;9046.20;1.30;48.03;520.24;2388.23;8120.11;84.779;0.03;396;2388;100.00;38.63;231.673
178;518.67;643.38;1605.33;1424.65;14.62;21.61;552.18;2388.23;9046.17;1.30;48.00;520.20;2388.20;8116.56;84.770;0.03;395;2388;100.00;38.65;231.770
179;518.67;642.86;1592.56;1429.45;14.62;21.61;551.57;2388.26;9044.23;1.30;48.02;520.38;2388.18;8116.84;84.947;0.03;395;2388;100.00;38.77;231.888
180;518.67;643.58;1599.87;1417.14;14.62;21.61;552.91;2388.21;9039.33;1.30;47.85;519.84;2388.28;8122.57;84.737;0.03;395;2388;100.00;38.86;230.070
181;518.67;643.44;1596.71;1420.64;14.62;21.61;551.83;2388.23;9038.29;1.30;48.10;520.43;2388.23;8114.79;84.720;0.03;397;2388;100.00;38.34;231.652
182;518.67;644.21;1602.08;1426.62;14.62;21.61;551.90;2388.26;9041.23;1.30;47.98;520.46;2388.25;8119.67;85.158;0.03;397;2388;100.00;38.43;231.787
183;518.67;643.24;1597.23;1419.03;14.62;21.61;551.38;2388.21;9040.94;1.30;48.03;520.05;2388.23;8117.80;85.041;0.03;396;2388;100.00;38.56;231.302
184;518.67;644.07;1605.44;1432.52;14.62;21.61;551.00;2388.24;9047.91;1.30;48.07;519.77;2388.28;8115.61;85.133;0.03;395;2388;100.00;38.43;230.146
185;518.67;643.80;1603.46;1424.40;14.62;21.61;551.64;2388.29;9043.71;1.30;48.15;519.82;2388.27;8113.69;84.984;0.03;395;2388;100.00;38.51;230.700
186;518.67;643.51;1595.16;1426.30;14.62;21.61;552.57;2388.21;9051.37;1.30;48.12;520.08;2388.25;8123.45;85.227;0.03;397;2388;100.00;38.47;230.564
187;518.67;643.32;1592.10;1427.27;14.62;21.61;551.08;2388.29;9037.71;1.30;48.23;519.53;2388.28;8115.67;85.218;0.03;396;2388;100.00;38.42;230.822
188;518.67;643.75;1602.38;1422.78;14.62;21.61;551.94;2388.31;9037.91;1.30;48.00;519.79;2388.23;8117.69;85.207;0.03;396;2388;100.00;38.51;229.588
189;518.67;644.18;1596.17;1428.01;14.62;21.61;550.70;2388.27;9044.55;1.30;48.08;519.58;2388.33;8117.51;85.183;0.03;395;2388;100.00;38.48;231.127
190;518.67;643.64;1599.22;1425.95;14.62;21.61;551.29;2388.29;9040.58;1.30;48.33;520.04;2388.35;8112.58;85.223;0.03;398;2388;100.00;38.49;230.675
191;518.67;643.34;1602.36;1425.77;14.62;21.61;550.92;2388.28;9042.76;1.30;48.15;519.57;2388.30;8114.61;85.174;0.03;394;2388;100.00;38.45;231.295
192;518.67;643.54;1601.41;1427.20;14.62;21.61;551.25;2388.32;9033.22;1.30;48.25;520.08;2388.32;8110.93;85.113;0.03;396;2388;100.00;38.48;229.649